nLotID,strLotName,nOperationNumber,nUsersGroupID,strOperatorName,strUsersGroupName,nModelID,strModelName,strStartTime,strEndTime,nReferenceSheetID,nStartSheetID,nEndSheetID,nTotalSheetCount,nNormalFlushSheetCount,nForceFlushSheetCount,nResult_A_Count,nResult_B_Count,nGrade_B_Swell_Count,nGrade_B_Soot_Count,nGrade_B_Hole_Count,nGrade_Etc_Count,nGrade_Error_Count,nGrade_B_Discolor_Count
1,2.02205E+13,1,1,abc,��1,4,Sample Model ROI,2022-05-04 14:38,2022-05-04 14:39,0,-1,-1,0,0,0,,,,,,,,
2,2.02205E+13,1,1,abc,��1,4,Sample Model ROI,2022-05-04 14:40,2022-05-04 14:45,0,1,6,6,6,0,,,,,,,,
3,2.02205E+13,1,1,abc,��1,4,Sample Model ROI,2022-05-04 14:45,2022-05-04 14:46,6,7,12,6,4,2,,,,,,,,
4,2.02205E+13,1,1,abc,��1,4,Sample Model ROI,2022-05-04 14:47,2022-05-04 14:50,12,13,14,2,2,0,,,,,,,,
5,2.02205E+13,1,1,abc,��1,4,Sample Model ROI,2022-05-04 14:50,2022-05-04 14:53,14,15,16,2,1,1,,,,,,,,
6,2.02205E+13,1,1,abc,��1,4,Sample Model ROI,2022-05-04 14:53,,16,-1,-1,0,0,0,,,,,,,,
7,2.02205E+13,1,1,abc,��1,4,Sample Model ROI,2022-05-04 14:54,2022-05-04 14:55,16,17,18,2,1,1,,,,,,,,
8,2.02205E+13,1,1,abc,��1,4,Sample Model ROI,2022-05-04 14:57,2022-05-04 14:58,18,19,20,2,1,1,,,,,,,,
9,2.02205E+13,1,1,abc,��1,4,Sample Model ROI,2022-05-04 15:21,2022-05-04 15:22,20,21,22,2,1,1,,,,,,,,
10,2.02205E+13,1,1,abc,��1,4,Sample Model ROI,2022-05-04 15:22,2022-05-04 15:23,22,23,24,2,1,1,,,,,,,,
11,2.02205E+13,1,1,abcd,��1,4,Sample Model ROI,2022-05-04 15:32,2022-05-04 15:36,24,25,34,10,8,2,,,,,,,,
12,2.02205E+13,1,3,def,��3,4,Sample Model ROI,2022-05-04 15:41,2022-05-04 15:45,0,1,12,12,10,2,,,,,,,,
13,2.02205E+13,1,1,abc,��1,4,Sample Model ROI,2022-05-04 15:47,2022-05-04 15:48,0,1,8,8,5,3,,,,,,,,
14,2.02205E+13,1,5,abc,��5,4,Sample Model ROI,2022-05-04 16:08,2022-05-04 16:10,0,1,84,84,83,1,,,,,,,,
15,2.02205E+13,1,1,abc,��1,4,Sample Model ROI,2022-05-04 16:32,2022-05-04 16:33,0,1,2,2,1,1,,,,,,,,
16,2.02205E+13,1,1,abc,��1,4,Sample Model ROI,2022-05-04 16:34,2022-05-04 16:34,2,3,4,2,0,2,,,,,,,,
17,2.02205E+13,1,1,abc,��1,4,Sample Model ROI,2022-05-04 16:35,2022-05-04 16:36,4,5,6,2,1,1,,,,,,,,
18,2.02205E+13,1,1,abc,��1,4,Sample Model ROI,2022-05-04 16:36,2022-05-04 16:37,6,7,8,2,0,2,,,,,,,,
19,2.02205E+13,1,1,abc,��1,4,Sample Model ROI,2022-05-04 16:38,2022-05-04 16:38,8,9,10,2,0,2,,,,,,,,
20,2.02205E+13,1,1,abc,��1,4,Sample Model ROI,2022-05-04 16:40,2022-05-04 16:42,10,11,12,2,0,2,,,,,,,,
21,2.02205E+13,1,1,abc,��1,4,Sample Model ROI,2022-05-04 16:50,2022-05-04 16:51,12,13,14,2,0,2,,,,,,,,
22,2.02205E+13,1,1,abc,��1,4,Sample Model ROI,2022-05-04 16:54,2022-05-04 16:55,14,15,16,2,0,2,,,,,,,,
23,2.02205E+13,1,1,abc,��1,4,Sample Model ROI,2022-05-04 16:55,2022-05-04 16:56,16,17,18,2,0,2,,,,,,,,
24,2.02205E+13,1,1,abc,��1,4,Sample Model ROI,2022-05-04 16:56,2022-05-04 16:57,18,19,20,2,0,2,,,,,,,,
25,2.02205E+13,1,1,abc,��1,4,Sample Model ROI,2022-05-04 16:57,2022-05-04 17:00,20,21,24,4,0,4,,,,,,,,
26,2.02205E+13,1,1,qgd,��1,1,Sample Model,2022-05-04 17:18,2022-05-04 17:20,24,25,26,2,1,1,,,,,,,,
27,2.02205E+13,1,1,erqerw,��1,1,Sample Model,2022-05-04 17:22,2022-05-04 17:22,26,27,28,2,0,2,,,,,,,,
28,2.02205E+13,1,1,sfadsf,��1,1,Sample Model,2022-05-04 17:25,2022-05-04 17:25,28,29,30,2,0,2,,,,,,,,
29,2.02205E+13,1,1,fdas,��1,4,Sample Model ROI,2022-05-04 17:26,2022-05-04 17:26,30,31,32,2,0,2,,,,,,,,
30,2.02205E+13,1,1,fdas,��1,1,Sample Model,2022-05-04 17:26,2022-05-04 17:27,32,33,34,2,0,2,,,,,,,,
31,2.02205E+13,1,1,abc,��1,4,Sample Model ROI,2022-05-04 17:29,2022-05-04 17:35,34,35,40,6,0,6,,,,,,,,
32,2.02205E+13,1,1,abc,��1,4,Sample Model ROI,2022-05-04 17:35,2022-05-04 17:44,40,41,54,14,0,14,,,,,,,,
33,2.02205E+13,1,1,abc,��1,4,Sample Model ROI,2022-05-06 13:04,2022-05-06 13:04,54,-1,-1,0,0,0,,,,,,,,
34,2.02205E+13,1,1,abcd,��1,4,Sample Model ROI,2022-05-06 13:56,2022-05-06 13:57,54,55,56,2,2,0,,,,,,,,
35,2.02205E+13,1,1,abcd,��1,4,Sample Model ROI,2022-05-06 13:57,2022-05-06 13:59,56,57,64,8,6,2,,,,,,,,
36,2.02205E+13,1,1,abcd,��1,4,Sample Model ROI,2022-05-06 13:59,2022-05-06 14:01,64,65,72,8,6,2,,,,,,,,
37,2.02205E+13,1,1,abcd,��1,4,Sample Model ROI,2022-05-06 14:01,2022-05-06 14:04,72,73,76,4,4,0,,,,,,,,
38,2.02205E+13,1,1,abcd,��1,4,Sample Model ROI,2022-05-06 14:04,2022-05-06 14:05,76,77,84,8,8,0,,,,,,,,
39,2.02205E+13,1,2,abc,��2,4,Sample Model ROI,2022-05-06 14:07,2022-05-06 14:08,0,1,8,8,8,0,,,,,,,,
40,2.02205E+13,1,2,abc,��2,4,Sample Model ROI,2022-05-06 14:08,2022-05-06 14:08,8,9,12,4,4,0,,,,,,,,
41,2.02205E+13,1,2,abc,��2,1,Sample Model,2022-05-06 14:10,2022-05-06 14:11,12,13,14,2,2,0,,,,,,,,
42,2.02205E+13,1,2,abc,��2,4,Sample Model ROI,2022-05-06 14:15,2022-05-06 14:15,14,15,16,2,0,2,,,,,,,,
43,2.02205E+13,1,1,qwer,��1,4,Sample Model ROI,2022-05-06 14:16,2022-05-06 14:17,0,1,4,4,0,4,,,,,,,,
44,2.02205E+13,1,1,qwer,��1,4,Sample Model ROI,2022-05-06 14:17,2022-05-06 14:19,4,5,6,2,0,2,,,,,,,,
45,2.02205E+13,1,1,qwer,��1,4,Sample Model ROI,2022-05-06 14:19,2022-05-06 14:34,6,7,42,36,0,36,,,,,,,,
46,2.02205E+13,1,1,abc,��1,4,Sample Model ROI,2022-05-06 14:37,2022-05-06 14:38,42,43,46,4,2,2,,,,,,,,
47,2.02205E+13,1,1,aaa,��1,1,Sample Model,2022-05-12 14:38,2022-05-12 14:42,46,-1,-1,0,0,0,,,,,,,,
48,2.02205E+13,1,1,aaa,��1,1,Sample Model,2022-05-12 14:45,2022-05-12 14:45,46,47,48,2,0,2,,,,,,,,
49,2.02205E+13,1,1,operator,��1,1,Sample Model,2022-05-12 14:48,2022-05-12 15:00,48,49,88,40,23,17,,,,,,,,
50,2.02205E+13,1,1,aaa,��1,1,Sample Model,2022-05-12 15:02,2022-05-12 15:05,88,89,90,2,2,0,,,,,,,,
51,2.02205E+13,1,1,aaa,��1,1,Sample Model,2022-05-12 15:10,2022-05-12 15:14,90,91,96,6,4,2,,,,,,,,
52,2.02205E+13,1,1,operator,��1,1,Sample Model,2022-05-12 15:26,2022-05-12 15:54,96,97,176,80,38,42,,,,,,,,
53,2.02205E+13,1,1,abcd,��1,1,Sample Model,2022-05-13 13:27,2022-05-13 13:37,176,177,180,4,2,2,,,,,,,,
54,2.02205E+13,1,1,abc,��1,4,Sample Model ROI,2022-05-13 14:02,2022-05-13 14:04,180,181,186,6,2,4,,,,,,,,
55,2.02205E+13,1,1,abc,��1,4,Sample Model ROI,2022-05-13 14:05,2022-05-13 14:06,186,187,190,4,2,2,,,,,,,,
56,2.02205E+13,1,1,abc,��1,4,Sample Model ROI,2022-05-13 14:10,2022-05-13 14:14,190,191,198,8,8,0,,,,,,,,
57,2.02205E+13,1,1,abc,��1,4,Sample Model ROI,2022-05-13 14:14,2022-05-13 14:16,198,199,206,8,6,2,,,,,,,,
58,2.02205E+13,1,1,abc,��1,4,Sample Model ROI,2022-05-13 14:26,2022-05-13 15:05,206,207,316,110,93,17,,,,,,,,
59,2.02205E+13,1,5,aaaa,��5,4,Sample Model ROI,2022-05-13 15:05,2022-05-13 15:26,0,1,64,64,55,9,,,,,,,,
60,2.02205E+13,1,1,qqq,��1,4,Sample Model ROI,2022-05-18 13:09,2022-05-18 13:12,0,1,6,6,4,2,,,,,,,,
61,2.02205E+13,1,1,qqq,��1,1,Sample Model,2022-05-18 13:13,2022-05-18 13:14,6,-1,-1,0,0,0,,,,,,,,
62,2.02205E+13,1,1,qqq,��1,4,Sample Model ROI,2022-05-18 13:16,2022-05-18 14:17,6,7,60,54,52,2,,,,,,,,
63,2.02205E+13,1,1,qqq,��1,4,Sample Model ROI,2022-05-18 14:23,2022-05-18 14:31,60,61,84,24,22,2,,,,,,,,
64,2.02205E+13,1,1,aaa,��1,4,Sample Model ROI,2022-05-18 14:32,2022-05-20 6:39,84,85,3474,3390,3334,56,,,,,,,,
65,2.02205E+13,1,1,aaa,��1,1,Sample Model,2022-05-20 6:40,2022-05-20 6:40,3474,-1,-1,0,0,0,,,,,,,,
66,2.02205E+13,1,1,aaa,��1,4,Sample Model ROI,2022-05-20 6:40,2022-05-20 6:40,3474,-1,-1,0,0,0,,,,,,,,
67,2.02205E+13,1,1,aaa,��1,1,Sample Model,2022-05-20 6:40,2022-05-20 15:27,3474,3475,4172,698,688,10,,,,,,,,
68,202205201528-1,1,2,GI,��2,4,Sample Model ROI,2022-05-20 15:28,2022-05-23 10:22,0,1,5884,5864,5686,178,,,,,,,,
69,2.02205E+11,1,1,sungho,��1,4,Sample Model ROI,2022-05-23 10:27,2022-05-23 10:28,0,-1,-1,0,0,0,,,,,,,,
70,2.02205E+13,1,1,sungho,��1,4,Sample Model ROI,2022-05-23 10:31,2022-05-27 11:27,0,1,8330,8309,8082,227,,,,,,,,
71,2.02205E+13,1,1,KKK,��1,4,Sample Model ROI,2022-05-27 14:55,2022-05-27 15:04,8330,8331,8346,16,16,0,,,,,,,,
72,2.02205E+13,1,1,KKK,��1,4,Sample Model ROI,2022-05-27 15:07,2022-05-27 15:10,8346,8347,8354,8,6,2,,,,,,,,
73,20220527_102,1,2,AAAAA,102,4,Sample Model ROI,2022-05-27 15:12,2022-05-27 15:21,0,1,8,8,6,2,,,,,,,,
74,20220527_102,2,2,AAAAA,102,4,Sample Model ROI,2022-05-27 15:25,2022-05-27 15:27,8,9,12,4,4,0,,,,,,,,
75,20220527_102,3,2,AAAAA,102,4,Sample Model ROI,2022-05-27 15:28,2022-05-31 10:25,12,13,7966,7951,7806,145,,,,,,,,
76,20220531_101,1,1,AAAAA,101,4,Sample Model ROI,2022-05-31 10:27,2022-06-07 11:10,0,1,13865,13854,13496,358,,,,,,,,
77,20220607_101,1,1,AAAAA,101,4,Sample Model ROI,2022-06-07 11:40,2022-06-08 15:09,0,1,2328,2328,2288,40,,,,,,,,
78,20220608_102,1,2,AAAAA,102,4,Sample Model ROI,2022-06-08 15:13,2022-06-09 18:01,0,1,2372,2370,2323,47,,,,,,,,
79,20220609_103,1,2,AAAAA,102,4,Sample Model ROI,2022-06-09 18:02,2022-06-13 13:45,0,1,7686,7680,7497,183,,,,,,,,
80,20220613_102,1,1,AAAAA,101,4,Sample Model ROI,2022-06-13 13:55,2022-06-13 13:55,0,-1,-1,0,0,0,,,,,,,,
81,20220613_102,2,2,AAAAA,102,4,Sample Model ROI,2022-06-13 14:00,2022-06-14 11:21,0,1,1956,1952,1887,65,,,,,,,,
82,20220614_101,1,1,AAAAA,101,4,Sample Model ROI,2022-06-14 11:23,2022-06-15 12:46,0,1,2114,2114,2064,50,,,,,,,,
83,20220615_101,1,1,AAAAA,101,4,Sample Model ROI,2022-06-15 13:40,2022-06-15 13:54,0,-1,-1,0,0,0,0,0,,,,,,
84,20220615_102,1,2,AAAAA,102,4,Sample Model ROI,2022-06-15 15:09,2022-06-15 15:11,0,1,6,6,3,3,0,6,,,,,,
85,20220615_102,2,2,AAAAA,102,4,Sample Model ROI,2022-06-15 15:11,2022-06-15 15:41,6,7,90,84,80,4,6,78,,,,,,
86,20220615_102,3,2,AAAAA,102,4,Sample Model ROI,2022-06-15 15:48,2022-06-15 15:48,90,91,92,2,0,2,0,2,,,,,,
87,20220615_102,4,2,AAAAA,102,4,Sample Model ROI,2022-06-15 15:51,2022-06-16 11:59,92,93,1930,1836,1738,98,182,1654,,,,,,
88,20220616_101,1,1,AAAAA,101,4,Sample Model ROI,2022-06-16 12:00,2022-06-21 8:25,0,1,9822,9817,7551,2266,990,8827,,,,,,
89,20220621_101,1,1,AAAAA,101,4,Sample Model ROI,2022-06-21 8:27,2022-06-21 14:48,0,1,708,708,688,20,94,614,,,,,,
90,20220621_102,1,2,AAAAA,102,5,CU_INSPECTION,2022-06-21 15:27,2022-06-21 17:28,0,1,184,184,174,10,3,181,,,,,,
91,20220621_103,1,2,AAAAA,102,5,CU_INSPECTION,2022-06-21 17:43,2022-06-22 8:29,0,1,1004,1004,812,192,173,831,,,,,,
92,20220622_101,1,1,AAAAA,101,5,CU_INSPECTION,2022-06-22 8:30,2022-06-22 11:17,0,1,336,336,147,189,22,314,,,,,,
93,20220622_101,2,1,AAAAA,101,5,CU_INSPECTION,2022-06-22 11:33,2022-06-22 14:49,336,337,544,208,195,13,67,141,,,,,,
94,20220622_102,1,2,AAAAA,102,5,CU_INSPECTION,2022-06-22 15:14,2022-06-22 15:14,0,-1,-1,0,0,0,0,0,,,,,,
95,20220622_102,2,2,AAAAA,102,5,CU_INSPECTION,2022-06-22 15:15,2022-06-22 15:21,0,1,10,10,10,0,7,3,,,,,,
96,20220622_102,3,2,AAAAA,102,5,CU_INSPECTION,2022-06-22 15:22,2022-06-23 8:17,10,11,1414,1402,1301,101,446,956,,,,,,
97,20220623_101,1,1,AAAAA,101,5,CU_INSPECTION,2022-06-23 8:22,2022-06-23 13:44,0,1,526,526,492,34,24,502,,,,,,
98,20220623_102,1,2,AAAAA,102,5,CU_INSPECTION,2022-06-23 14:12,2022-06-23 14:20,0,-1,-1,0,0,0,0,0,0,0,0,0,,
99,20220623_102,2,2,AAAAA,102,5,CU_INSPECTION,2022-06-23 14:23,2022-06-23 14:26,0,-1,-1,0,0,0,0,0,0,0,0,0,,
100,20220623_102,3,2,AAAAA,102,5,CU_INSPECTION,2022-06-23 14:26,2022-06-23 14:39,0,1,24,24,24,0,1,23,18,22,0,0,,
101,20220623_102,4,2,AAAAA,102,5,CU_INSPECTION,2022-06-23 14:39,2022-06-23 14:41,24,25,30,6,4,2,0,6,3,4,0,3,,
102,20220623_102,5,2,AAAAA,102,5,CU_INSPECTION,2022-06-23 14:41,2022-06-23 15:14,30,31,86,56,55,1,2,54,37,41,0,1,,
103,20220623_102,6,2,AAAAA,102,5,CU_INSPECTION,2022-06-23 15:19,2022-06-23 15:24,86,87,90,4,4,0,0,4,4,2,0,0,,
104,20220623_102,7,2,AAAAA,102,5,CU_INSPECTION,2022-06-23 15:24,2022-06-23 15:30,90,91,98,8,8,0,0,8,7,3,0,0,,
105,20220623_102,8,2,AAAAA,102,5,CU_INSPECTION,2022-06-23 15:30,2022-06-23 15:34,98,99,102,4,4,0,0,4,4,4,0,0,,
106,20220623_102,9,2,AAAAA,102,5,CU_INSPECTION,2022-06-23 15:34,2022-06-23 15:40,102,103,106,4,4,0,0,4,4,2,0,0,,
107,20220623_102,10,2,AAAAA,102,5,CU_INSPECTION,2022-06-23 15:42,2022-06-23 15:49,106,107,116,10,10,0,3,7,3,7,0,0,,
108,20220623_102,11,2,AAAAA,102,5,CU_INSPECTION,2022-06-23 15:54,2022-06-23 15:56,116,117,120,4,4,0,2,2,2,0,0,0,,
109,20220623_102,12,2,AAAAA,102,5,CU_INSPECTION,2022-06-23 15:58,2022-06-23 16:03,120,121,134,14,14,0,5,9,2,9,0,0,,
110,20220623_102,13,2,AAAAA,102,5,CU_INSPECTION,2022-06-23 16:07,2022-06-23 22:00,134,135,614,480,456,24,73,407,279,271,11,33,,
111,20220623_103,1,3,AAAAA,103,5,CU_INSPECTION,2022-06-23 22:00,2022-06-24 6:05,0,1,684,683,631,52,92,591,468,358,8,61,,
112,20220624_101,1,1,AAAAA,101,5,CU_INSPECTION,2022-06-24 6:05,2022-06-24 8:28,0,1,250,250,176,74,18,232,124,174,1,76,,
113,20220624_101,2,1,AAAAA,101,5,CU_INSPECTION,2022-06-24 8:51,2022-06-24 9:25,250,251,302,52,28,24,4,48,10,39,1,25,,
114,20220624_101,3,1,AAAAA,101,5,CU_INSPECTION,2022-06-24 9:26,2022-06-24 13:13,302,303,606,304,155,149,24,280,79,225,6,149,,
115,20220624_101,4,1,AAAAA,101,5,CU_INSPECTION,2022-06-24 13:14,2022-06-24 14:00,606,607,610,4,2,2,0,4,2,4,0,2,,
116,20220624_102,1,2,AAAAA,102,5,CU_INSPECTION,2022-06-24 14:00,2022-06-24 14:08,0,1,10,10,5,5,0,10,4,10,0,5,,
117,20220624_102,2,2,AAAAA,102,5,CU_INSPECTION,2022-06-24 14:08,2022-06-24 14:59,10,11,52,42,22,20,0,42,17,42,0,20,,
118,20220624_102,3,2,AAAAA,102,5,CU_INSPECTION,2022-06-24 15:01,2022-06-24 22:03,52,53,520,467,446,21,21,446,267,414,3,26,,
119,20220624_103,1,3,AAAAA,103,5,CU_INSPECTION,2022-06-24 22:04,2022-06-25 6:06,0,1,630,627,546,81,27,600,402,542,2,90,,
120,20220625_101,1,1,AAAAA,101,5,CU_INSPECTION,2022-06-25 6:06,2022-06-25 14:00,0,1,716,716,388,328,23,693,197,662,8,332,,
121,20220625_102,1,2,AAAAA,102,5,CU_INSPECTION,2022-06-25 14:00,2022-06-25 22:04,0,1,626,626,299,327,32,594,93,528,4,332,,
122,20220625_103,1,3,AAAAA,103,5,CU_INSPECTION,2022-06-25 22:04,2022-06-26 6:00,0,1,678,678,336,342,15,663,150,626,21,343,,
123,20220626_101,1,1,AAAAA,101,5,CU_INSPECTION,2022-06-26 6:00,2022-06-26 14:00,0,1,730,730,415,315,46,684,184,537,70,316,,
124,20220626_102,1,2,AAAAA,102,5,CU_INSPECTION,2022-06-26 14:00,2022-06-26 22:00,0,1,614,614,303,311,5,609,131,434,160,313,,
125,20220626_103,1,3,AAAAA,103,5,CU_INSPECTION,2022-06-26 22:00,2022-06-27 6:07,0,1,680,680,333,347,2,678,284,548,47,348,,
126,20220627_101,1,1,AAAAA,101,5,CU_INSPECTION,2022-06-27 6:07,2022-06-27 8:14,0,1,144,144,68,76,0,144,64,132,5,77,,
127,20220627_101,2,1,AAAAA,101,5,CU_INSPECTION,2022-06-27 8:16,2022-06-27 8:19,144,145,146,2,0,2,0,2,1,0,0,3,,
128,20220627_101,3,1,AAAAA,101,5,CU_INSPECTION,2022-06-27 8:22,2022-06-27 14:13,146,147,678,531,368,163,0,531,192,377,180,165,,
129,20220627_102,1,2,AAAAA,102,5,CU_INSPECTION,2022-06-27 14:13,2022-06-27 22:00,0,1,716,716,691,25,263,453,286,264,13,27,,
130,20220627_103,1,3,AAAAA,103,5,CU_INSPECTION,2022-06-27 22:00,2022-06-28 6:05,0,1,654,654,637,17,31,623,491,473,17,24,,
131,20220628_101,1,1,AAAAA,101,5,CU_INSPECTION,2022-06-28 6:05,2022-06-28 13:47,0,1,742,742,724,18,268,474,343,268,10,23,,
132,20220628_102,1,2,AAAAA,102,5,CU_INSPECTION,2022-06-28 14:04,2022-06-28 22:00,0,1,686,686,663,23,75,611,455,433,7,31,,
133,20220628_103,1,3,AAAAA,103,5,CU_INSPECTION,2022-06-28 22:00,2022-06-29 6:10,0,1,628,628,610,18,23,605,431,534,7,26,,
134,20220629_101,1,1,AAAAA,101,5,CU_INSPECTION,2022-06-29 6:11,2022-06-29 9:43,0,1,396,396,376,20,112,284,175,231,8,23,,
135,20220629_101,2,1,AAAAA,101,1,Inspection,2022-06-29 10:10,2022-06-29 10:18,396,397,408,12,12,0,3,9,3,6,2,0,,
136,20220629_101,3,1,AAAAA,101,1,Inspection,2022-06-29 10:20,2022-06-29 10:51,408,409,472,64,63,1,24,40,30,27,2,1,,
137,20220629_101,4,1,AAAAA,101,1,Inspection,2022-06-29 10:54,2022-06-29 11:02,472,473,488,16,14,2,4,12,8,4,0,2,,
138,20220629_101,5,1,AAAAA,101,1,Inspection,2022-06-29 11:03,2022-06-29 11:24,488,489,530,42,42,0,10,32,22,17,2,0,,
139,20220629_101,6,1,AAAAA,101,1,Inspection,2022-06-29 11:25,2022-06-29 11:46,530,-1,-1,0,0,0,0,0,0,0,0,0,,
140,20220629_101,7,1,AAAAA,101,1,Inspection,2022-06-29 11:53,2022-06-29 14:15,530,531,626,96,96,0,3,93,63,86,0,0,,
141,20220629_102,1,2,AAAAA,102,1,Inspection,2022-06-29 14:15,2022-06-29 22:00,0,1,708,708,696,12,125,583,446,402,17,12,,
142,20220629_103,1,3,AAAAA,103,1,Inspection,2022-06-29 22:00,2022-06-30 6:17,0,1,678,678,640,38,8,670,588,570,5,49,,
143,20220630_101,1,1,AAAAA,101,1,Inspection,2022-06-30 6:17,2022-06-30 14:11,0,1,636,636,617,19,14,622,434,562,7,24,,
144,20220630_102,1,2,AAAAA,102,1,Inspection,2022-06-30 14:11,2022-06-30 22:03,0,1,526,526,515,11,50,476,251,440,4,14,,
145,20220630_103,1,3,AAAAA,103,1,Inspection,2022-06-30 22:03,2022-07-01 6:17,0,1,510,510,481,29,16,494,366,437,5,32,,
146,20220701_101,1,1,AAAAA,101,1,Inspection,2022-07-01 6:18,2022-07-01 13:21,0,1,672,672,661,11,118,554,420,454,7,12,,
147,20220701_101,2,1,AAAAA,101,1,Inspection,2022-07-01 13:28,2022-07-01 14:01,672,673,690,18,15,3,7,11,6,4,1,3,,
148,20220701_102,1,2,AAAAA,102,1,Inspection,2022-07-01 14:01,2022-07-01 22:00,0,1,660,660,656,4,56,604,457,540,6,4,,
149,20220701_103,1,3,AAAAA,103,1,Inspection,2022-07-01 22:00,2022-07-01 22:08,0,1,18,18,18,0,1,17,5,16,1,0,,
150,20220701_103,2,3,AAAAA,103,2,Inspection_220701,2022-07-01 22:26,2022-07-02 6:00,18,19,664,646,632,14,196,450,61,421,4,16,,
151,20220702_101,1,1,AAAAA,101,2,Inspection_220701,2022-07-02 6:00,2022-07-02 11:04,0,1,498,498,479,19,215,283,57,243,1,22,,
152,20220702_101,2,1,AAAAA,101,2,Inspection_220701,2022-07-02 11:12,2022-07-02 14:09,498,499,622,124,121,3,14,110,44,94,1,4,,
153,20220702_102,1,2,AAAAA,102,2,Inspection_220701,2022-07-02 14:09,2022-07-02 14:45,0,1,11,11,10,1,2,9,4,7,0,2,,
154,20220702_102,2,2,AAAAA,102,2,Inspection_220701,2022-07-02 15:02,2022-07-02 22:02,12,13,800,788,773,15,312,476,203,337,3,16,,
155,20220702_103,1,3,AAAAA,103,2,Inspection_220701,2022-07-02 22:02,2022-07-03 6:10,0,1,566,566,560,6,193,373,98,311,2,6,,
156,20220703_101,1,1,AAAAA,101,2,Inspection_220701,2022-07-03 6:11,2022-07-03 14:10,0,1,668,668,640,28,345,323,133,228,3,34,,
157,20220703_102,1,2,AAAAA,102,2,Inspection_220701,2022-07-03 14:10,2022-07-03 22:06,0,1,764,761,747,14,514,247,142,119,5,17,,
158,20220703_103,1,3,AAAAA,103,2,Inspection_220701,2022-07-03 22:06,2022-07-04 6:34,0,1,578,578,565,13,292,286,134,192,7,15,,
159,20220704_101,1,1,AAAAA,101,2,Inspection_220701,2022-07-04 6:34,2022-07-04 15:04,0,1,492,492,484,8,283,209,118,129,4,9,,
160,20220704_102,1,2,AAAAA,102,2,Inspection_220701,2022-07-04 15:04,2022-07-04 20:28,0,1,546,546,540,6,399,147,74,74,5,6,,
161,20220704_102,2,2,AAAAA,102,2,Inspection_220701,2022-07-04 20:36,2022-07-04 22:01,546,547,588,42,42,0,38,4,3,1,0,0,,
162,20220704_103,1,3,AAAAA,103,2,Inspection_220701,2022-07-04 22:01,2022-07-05 6:21,0,1,618,618,606,12,244,374,146,272,6,16,,
163,20220705_101,1,1,AAAAA,101,2,Inspection_220701,2022-07-05 6:21,2022-07-05 14:00,0,1,706,706,698,8,544,162,80,90,2,9,,
164,20220705_102,1,2,AAAAA,102,2,Inspection_220701,2022-07-05 14:00,2022-07-05 17:47,0,1,252,252,245,7,146,106,37,75,1,8,,
165,20220705_102,2,2,AAAAA,102,3,Inspection_220705,2022-07-05 17:52,2022-07-05 17:52,252,-1,-1,0,0,0,0,0,0,0,0,0,,
166,20220705_102,3,2,AAAAA,102,3,Inspection_220705,2022-07-05 18:00,2022-07-05 18:01,252,-1,-1,0,0,0,0,0,0,0,0,0,,
167,20220705_102,4,2,AAAAA,102,3,Inspection_220705,2022-07-05 18:04,,252,-1,-1,0,0,0,0,0,0,0,0,0,,
1167,20220705_102,5,2,AAAAA,102,3,Inspection_220705,2022-07-05 19:55,2022-07-05 22:00,252,253,404,152,144,8,6,146,61,131,1,8,,
1168,20220705_103,1,3,AAAAA,103,3,Inspection_220705,2022-07-05 22:00,2022-07-06 6:13,0,1,661,661,645,16,129,532,147,486,9,19,,
1169,20220706_101,1,1,AAAAA,101,3,Inspection_220705,2022-07-06 6:13,2022-07-06 10:10,0,1,358,358,346,12,206,152,76,119,0,17,,
1170,20220706_101,2,1,AAAAA,101,3,Inspection_220705,2022-07-06 10:16,2022-07-06 14:23,358,359,680,322,307,15,109,213,92,160,1,16,,
1171,20220706_102,1,2,AAAAA,102,3,Inspection_220705,2022-07-06 14:23,2022-07-06 22:00,0,1,724,724,707,17,87,637,338,480,1,20,,
1172,20220706_103,1,3,AAAAA,103,3,Inspection_220705,2022-07-06 22:00,2022-07-07 6:20,0,1,608,607,586,21,163,444,208,339,1,26,,
1173,20220707_101,1,1,AAAAA,101,3,Inspection_220705,2022-07-07 6:21,2022-07-07 11:22,0,1,446,446,433,13,164,282,153,187,4,14,,
1174,20220707_101,2,1,AAAAA,101,3,Inspection_220705,2022-07-07 12:29,2022-07-07 12:30,446,447,450,4,4,0,1,3,0,3,0,0,,
1175,20220707_101,3,1,AAAAA,101,3,Inspection_220705,2022-07-07 12:35,2022-07-07 12:36,450,-1,-1,0,0,0,0,0,0,0,0,0,,
1176,20220707_101,4,1,AAAAA,101,3,Inspection_220705,2022-07-07 12:37,2022-07-07 12:45,450,451,470,20,20,0,10,10,2,8,0,0,,
1177,20220707_101,5,1,AAAAA,101,3,Inspection_220705,2022-07-07 12:56,2022-07-07 12:56,470,-1,-1,0,0,0,0,0,0,0,0,0,,
1178,20220707_101,6,1,AAAAA,101,3,Inspection_220705,2022-07-07 12:57,2022-07-07 14:02,470,471,504,34,33,1,12,22,13,14,0,1,,
1179,20220707_102,1,2,AAAAA,102,3,Inspection_220705,2022-07-07 14:02,2022-07-07 22:01,0,1,702,702,687,15,197,505,333,247,1,19,,
1180,20220707_103,1,3,AAAAA,103,3,Inspection_220705,2022-07-07 22:01,2022-07-08 6:07,0,1,676,676,653,23,120,556,500,188,0,24,,
1181,20220708_101,1,1,AAAAA,101,3,Inspection_220705,2022-07-08 6:07,2022-07-08 14:01,0,1,648,647,633,14,292,355,175,212,2,16,,
1182,20220708_102,1,2,AAAAA,102,3,Inspection_220705,2022-07-08 14:01,2022-07-08 22:00,0,1,720,720,709,11,389,331,159,202,1,11,,
1183,20220708_103,1,3,AAAAA,103,3,Inspection_220705,2022-07-08 22:00,2022-07-09 6:22,0,1,644,644,636,8,323,321,233,147,1,8,,
1184,20220709_101,1,1,AAAAA,101,3,Inspection_220705,2022-07-09 6:22,2022-07-09 14:00,0,1,682,682,672,10,489,193,72,120,4,11,,
1185,20220709_102,1,2,AAAAA,102,3,Inspection_220705,2022-07-09 14:00,2022-07-09 22:00,0,1,742,742,720,22,507,235,144,81,7,22,,
1186,20220709_103,1,3,AAAAA,103,3,Inspection_220705,2022-07-09 22:00,2022-07-10 6:45,0,1,620,619,592,27,377,242,69,167,8,31,,
1187,20220710_101,1,1,AAAAA,101,3,Inspection_220705,2022-07-10 6:45,2022-07-10 14:00,0,1,704,704,694,10,403,301,132,31,136,11,,
1188,20220710_102,1,2,AAAAA,102,3,Inspection_220705,2022-07-10 14:00,2022-07-10 22:00,0,1,700,699,686,13,346,353,218,1,127,15,,
1189,20220710_103,1,3,AAAAA,103,3,Inspection_220705,2022-07-10 22:00,2022-07-11 7:00,0,1,514,513,490,23,226,287,161,63,72,31,,
1190,20220711_101,1,1,AAAAA,101,3,Inspection_220705,2022-07-11 7:00,2022-07-11 14:26,0,1,296,296,292,4,153,143,92,59,14,5,,
1191,20220711_102,1,2,AAAAA,102,3,Inspection_220705,2022-07-11 14:26,2022-07-11 22:00,0,1,618,618,606,12,185,433,396,108,4,16,,
1192,20220711_103,1,3,AAAAA,103,3,Inspection_220705,2022-07-11 22:00,2022-07-12 7:01,0,1,700,698,674,24,454,244,181,66,3,26,,
1193,20220712_101,1,1,AAAAA,101,3,Inspection_220705,2022-07-12 7:01,2022-07-12 14:00,0,1,716,716,701,15,554,162,143,6,3,17,,
1194,20220712_102,1,2,AAAAA,102,3,Inspection_220705,2022-07-12 14:00,2022-07-12 22:04,0,1,648,648,640,8,435,213,192,29,8,10,,
1195,20220712_103,1,3,AAAAA,103,3,Inspection_220705,2022-07-12 22:04,2022-07-13 7:01,0,1,680,680,664,16,573,107,83,12,2,20,,
1196,20220713_101,1,1,AAAAA,101,3,Inspection_220705,2022-07-13 7:01,2022-07-13 14:00,0,1,710,710,708,2,582,128,116,8,5,2,,
1197,20220713_102,1,2,AAAAA,102,3,Inspection_220705,2022-07-13 14:00,2022-07-13 22:03,0,1,626,625,615,10,475,150,136,4,5,11,,
1198,20220713_103,1,3,AAAAA,103,3,Inspection_220705,2022-07-13 22:03,2022-07-14 6:12,0,1,686,686,676,10,562,124,106,9,3,13,,
1199,20220714_101,1,1,AAAAA,101,3,Inspection_220705,2022-07-14 6:12,2022-07-14 14:33,0,1,682,682,665,17,571,111,74,29,8,19,,
1200,20220714_102,1,2,AAAAA,102,3,Inspection_220705,2022-07-14 14:33,2022-07-14 22:00,0,1,694,693,680,13,587,106,83,5,8,14,,
1201,20220714_103,1,3,AAAAA,103,3,Inspection_220705,2022-07-14 22:00,2022-07-15 6:20,0,1,656,656,643,13,590,66,41,11,6,13,,
1202,20220715_101,1,1,AAAAA,101,3,Inspection_220705,2022-07-15 6:20,2022-07-15 14:02,0,1,716,716,705,11,562,154,127,6,14,14,,
1203,20220715_102,1,2,AAAAA,102,3,Inspection_220705,2022-07-15 14:03,2022-07-15 22:00,0,1,638,638,635,3,493,145,131,3,10,3,,
1204,20220715_103,1,3,AAAAA,103,3,Inspection_220705,2022-07-15 22:00,2022-07-16 6:07,0,1,668,667,653,14,519,148,122,13,9,15,,
1205,20220716_101,1,1,AAAAA,101,3,Inspection_220705,2022-07-16 6:07,2022-07-16 14:11,0,1,746,746,726,20,627,119,91,2,9,23,,
1206,20220716_102,1,2,AAAAA,102,3,Inspection_220705,2022-07-16 14:11,2022-07-16 22:00,0,1,740,740,718,22,616,124,98,8,2,25,,
1207,20220716_103,1,3,AAAAA,103,3,Inspection_220705,2022-07-16 22:00,2022-07-17 6:08,0,1,580,580,566,14,492,88,67,4,6,15,,
1208,20220717_101,1,1,AAAAA,101,3,Inspection_220705,2022-07-17 6:08,2022-07-17 14:00,0,1,710,710,693,17,611,99,73,10,4,19,,
1209,20220717_102,1,2,AAAAA,102,3,Inspection_220705,2022-07-17 14:00,2022-07-17 22:05,0,1,678,678,664,14,557,121,99,8,6,17,,
1210,20220717_103,1,3,AAAAA,103,3,Inspection_220705,2022-07-17 22:05,2022-07-18 7:01,0,1,692,692,686,6,617,75,53,17,2,7,,
1211,20220718_101,1,1,AAAAA,101,3,Inspection_220705,2022-07-18 7:01,2022-07-18 14:51,0,1,678,678,666,12,619,59,31,15,2,15,,
1212,20220718_102,1,2,AAAAA,102,3,Inspection_220705,2022-07-18 14:51,2022-07-18 22:04,0,1,580,572,513,59,392,180,95,38,2,73,,
1213,20220718_103,1,3,AAAAA,103,3,Inspection_220705,2022-07-18 22:04,2022-07-19 6:16,0,1,652,650,634,16,509,141,115,11,6,24,,
1214,20220719_101,1,1,AAAAA,101,3,Inspection_220705,2022-07-19 6:16,2022-07-19 14:01,0,1,694,694,677,17,489,205,154,35,6,20,,
1215,20220719_102,1,2,AAAAA,102,3,Inspection_220705,2022-07-19 14:01,2022-07-19 22:00,0,1,774,774,756,18,636,138,100,31,1,22,,
1216,20220719_103,1,3,AAAAA,103,3,Inspection_220705,2022-07-19 22:00,2022-07-20 6:00,0,1,654,653,640,13,534,119,85,33,2,15,,
1217,20220720_101,1,1,AAAAA,101,3,Inspection_220705,2022-07-20 6:00,2022-07-21 0:28,0,1,642,642,635,7,502,140,88,49,5,8,,
1218,20220721_103,1,3,AAAAA,103,3,Inspection_220705,2022-07-21 0:28,2022-07-21 6:24,0,1,18,18,18,0,16,2,1,0,1,0,,
1219,20220721_101,1,1,AAAAA,101,3,Inspection_220705,2022-07-21 6:24,2022-07-21 14:13,0,1,664,661,605,56,430,231,153,43,0,60,,
1220,20220721_102,1,2,AAAAA,102,3,Inspection_220705,2022-07-21 14:13,2022-07-21 22:00,0,1,788,788,774,14,552,236,81,157,2,15,,
1221,20220721_103,2,3,AAAAA,103,3,Inspection_220705,2022-07-21 22:00,2022-07-22 6:00,18,19,630,611,593,18,498,113,61,41,2,22,,
1222,20220722_101,1,1,AAAAA,101,3,Inspection_220705,2022-07-22 6:00,2022-07-22 14:00,0,1,670,670,660,10,409,261,65,202,0,11,,
1223,20220722_102,1,2,AAAAA,102,3,Inspection_220705,2022-07-22 14:00,2022-07-22 22:00,0,1,712,712,704,8,564,148,91,62,2,10,,
1224,20220722_103,1,3,AAAAA,103,3,Inspection_220705,2022-07-22 22:00,2022-07-23 6:00,0,1,710,710,703,7,557,153,95,62,1,8,,
1225,20220723_101,1,1,AAAAA,101,3,Inspection_220705,2022-07-23 6:00,2022-07-23 14:00,0,1,488,488,476,12,301,187,130,113,1,13,,
1226,20220723_102,1,2,AAAAA,102,3,Inspection_220705,2022-07-23 14:00,2022-07-23 22:00,0,1,838,838,824,14,724,114,79,32,2,16,,
1227,20220723_103,1,3,AAAAA,103,3,Inspection_220705,2022-07-23 22:00,2022-07-24 6:28,0,1,512,512,501,11,447,65,42,17,1,12,,
1228,20220724_101,1,1,AAAAA,101,3,Inspection_220705,2022-07-24 6:28,2022-07-24 14:00,0,1,680,679,659,20,572,107,80,12,1,21,,
1229,20220724_102,1,2,AAAAA,102,3,Inspection_220705,2022-07-24 14:00,2022-07-24 22:00,0,1,684,684,663,21,568,116,49,50,2,25,,
1230,20220724_103,1,3,AAAAA,103,3,Inspection_220705,2022-07-24 22:00,2022-07-25 6:15,0,1,668,667,639,28,562,105,58,26,1,31,,
1231,20220725_101,1,1,AAAAA,101,3,Inspection_220705,2022-07-25 6:16,2022-07-25 14:00,0,1,714,713,698,15,650,63,36,12,1,19,,
1232,20220725_102,1,2,AAAAA,102,3,Inspection_220705,2022-07-25 14:00,2022-07-25 22:00,0,1,710,710,697,13,642,68,40,16,2,14,,
1233,20220725_103,1,3,AAAAA,103,3,Inspection_220705,2022-07-25 22:00,2022-07-26 6:14,0,1,624,623,601,22,552,71,38,9,5,27,,
1234,20220726_101,1,1,AAAAA,101,3,Inspection_220705,2022-07-26 6:14,2022-07-26 6:47,0,1,66,66,66,0,63,3,3,0,0,0,,
1235,20220726_101,2,1,AAAAA,101,3,Inspection_220705,2022-07-26 8:22,2022-07-26 14:00,66,67,586,519,502,17,467,52,33,3,0,22,,
1236,20220726_102,1,2,AAAAA,102,3,Inspection_220705,2022-07-26 14:00,2022-07-26 22:00,0,1,778,778,765,13,720,58,33,15,2,15,,
1237,20220726_103,1,3,AAAAA,103,3,Inspection_220705,2022-07-26 22:00,2022-07-27 6:14,0,1,492,492,483,9,451,41,25,8,1,10,,
1238,20220727_101,1,1,AAAAA,101,3,Inspection_220705,2022-07-27 6:14,2022-07-27 14:01,0,1,808,807,794,13,731,76,18,49,1,15,,
1239,20220727_102,1,2,AAAAA,102,3,Inspection_220705,2022-07-27 14:01,2022-07-27 22:00,0,1,594,594,585,9,543,51,31,14,0,10,,
1240,20220727_103,1,3,AAAAA,103,3,Inspection_220705,2022-07-27 22:00,2022-07-28 6:20,0,1,624,623,589,34,528,95,43,29,2,40,,
1241,20220728_101,1,1,AAAAA,101,3,Inspection_220705,2022-07-28 6:20,2022-07-28 14:05,0,1,772,772,754,18,581,191,118,74,1,19,,
1242,20220728_102,1,2,AAAAA,102,3,Inspection_220705,2022-07-28 14:05,2022-07-28 22:00,0,1,818,818,794,24,517,301,145,166,3,26,,
1243,20220728_103,1,3,AAAAA,103,3,Inspection_220705,2022-07-28 22:00,2022-07-29 7:02,0,1,480,480,474,6,415,65,34,27,2,6,,
1244,20220729_101,1,1,AAAAA,101,3,Inspection_220705,2022-07-29 7:02,2022-07-29 9:47,0,1,396,396,380,16,260,136,43,84,0,17,,
1245,20220729_101,2,1,AAAAA,101,3,Inspection_220705,2022-07-29 10:50,2022-07-29 14:01,396,397,678,282,280,2,223,59,48,11,0,2,,
1246,20220729_102,1,2,AAAAA,102,3,Inspection_220705,2022-07-29 14:01,2022-07-29 22:00,0,1,550,549,542,7,342,207,67,142,1,8,,
1247,20220729_103,1,3,AAAAA,103,3,Inspection_220705,2022-07-29 22:00,2022-07-30 7:04,0,1,666,665,637,28,514,151,64,75,3,31,,
1248,20220730_101,1,1,AAAAA,101,3,Inspection_220705,2022-07-30 7:04,2022-07-30 15:10,0,1,692,692,675,17,578,114,70,25,7,22,,
1249,20220730_102,1,2,AAAAA,102,3,Inspection_220705,2022-07-30 15:10,2022-07-30 22:03,0,1,818,818,806,12,612,206,86,113,3,13,,
1250,20220730_103,1,3,AAAAA,103,3,Inspection_220705,2022-07-30 22:03,2022-07-31 7:00,0,1,552,552,532,20,470,82,63,5,3,25,,
1251,20220731_101,1,1,AAAAA,101,3,Inspection_220705,2022-07-31 7:00,2022-07-31 14:00,0,1,796,795,776,19,667,128,80,34,0,25,,
1252,20220731_102,1,2,AAAAA,102,3,Inspection_220705,2022-07-31 14:00,2022-07-31 22:01,0,1,572,571,548,23,521,50,19,11,2,26,,
1253,20220731_103,1,3,AAAAA,103,3,Inspection_220705,2022-07-31 22:01,2022-08-01 6:16,0,1,684,684,660,24,632,52,24,2,4,28,,
1254,20220801_101,1,1,AAAAA,101,3,Inspection_220705,2022-08-01 6:16,2022-08-01 14:00,0,1,738,738,713,25,585,153,38,98,1,26,,
1255,20220801_102,1,2,AAAAA,102,3,Inspection_220705,2022-08-01 14:00,2022-08-01 22:00,0,1,666,666,651,15,568,98,48,38,0,17,,
1256,20220801_103,1,3,AAAAA,103,3,Inspection_220705,2022-08-01 22:00,2022-08-02 6:01,0,1,684,684,654,30,560,124,35,56,7,35,,
1257,20220802_101,1,1,AAAAA,101,3,Inspection_220705,2022-08-02 6:01,2022-08-02 14:00,0,1,652,652,644,8,274,378,257,154,0,9,,
1258,20220802_102,1,2,AAAAA,102,3,Inspection_220705,2022-08-02 14:00,2022-08-02 22:02,0,1,676,675,666,9,295,380,368,27,1,11,,
1259,20220802_103,1,3,AAAAA,103,3,Inspection_220705,2022-08-02 22:02,2022-08-03 6:01,0,1,548,546,532,14,201,345,292,115,1,20,,
1260,20220803_101,1,1,AAAAA,101,3,Inspection_220705,2022-08-03 6:01,2022-08-03 14:00,0,1,670,669,640,29,388,281,251,52,0,31,,
1261,20220803_102,1,2,AAAAA,102,3,Inspection_220705,2022-08-03 14:01,2022-08-03 22:44,0,1,434,434,429,5,164,270,165,174,0,7,,
1262,20220803_103,1,3,AAAAA,103,3,Inspection_220705,2022-08-03 22:44,2022-08-04 6:08,0,1,578,578,565,13,158,420,153,319,2,20,,
1263,20220804_101,1,1,AAAAA,101,3,Inspection_220705,2022-08-04 6:08,2022-08-04 14:00,0,1,578,578,571,7,394,184,113,98,2,9,,
1264,20220804_102,1,2,AAAAA,102,3,Inspection_220705,2022-08-04 14:00,2022-08-05 6:24,0,1,740,740,729,11,312,428,100,369,4,12,,
1265,20220805_101,1,1,AAAAA,101,3,Inspection_220705,2022-08-05 6:24,2022-08-05 14:15,0,1,490,489,477,12,342,147,70,86,2,15,,
1266,20220805_102,1,2,AAAAA,102,3,Inspection_220705,2022-08-05 14:15,2022-08-06 6:00,0,1,576,576,565,11,282,294,183,134,2,12,,
1267,20220806_101,1,1,AAAAA,101,3,Inspection_220705,2022-08-06 6:00,2022-08-06 14:02,0,1,622,621,611,10,306,315,183,170,0,11,,
1268,20220806_102,1,2,AAAAA,102,3,Inspection_220705,2022-08-06 14:02,2022-08-07 6:04,0,1,540,537,520,17,276,261,115,155,1,21,,
1269,20220807_101,1,1,AAAAA,101,3,Inspection_220705,2022-08-07 6:04,2022-08-07 14:00,0,1,722,721,709,12,533,188,80,106,3,16,,
1270,20220807_102,1,2,AAAAA,102,3,Inspection_220705,2022-08-07 14:00,2022-08-08 5:51,0,1,608,608,589,19,427,181,49,124,3,22,,
1271,20220808_103,1,3,AAAAA,103,3,Inspection_220705,2022-08-08 5:51,2022-08-08 6:00,0,1,18,18,16,2,2,16,16,5,0,2,,
1272,20220808_101,1,1,AAAAA,101,3,Inspection_220705,2022-08-08 6:00,2022-08-08 14:03,0,1,710,709,703,6,516,193,137,63,3,8,,
1273,20220808_102,1,2,AAAAA,102,3,Inspection_220705,2022-08-08 14:03,2022-08-08 22:00,0,1,1082,1082,1073,9,666,416,231,223,4,9,,
1274,20220808_103,2,3,AAAAA,103,3,Inspection_220705,2022-08-08 22:00,2022-08-09 6:00,18,19,458,440,421,19,280,160,107,53,1,23,,
1275,20220809_101,1,1,AAAAA,101,3,Inspection_220705,2022-08-09 6:00,2022-08-09 14:07,0,1,730,730,721,9,519,211,87,129,0,10,,
1276,20220809_102,1,2,AAAAA,102,3,Inspection_220705,2022-08-09 14:07,2022-08-09 22:00,0,1,946,946,922,24,677,269,169,87,3,26,,
1277,20220809_103,1,3,AAAAA,103,3,Inspection_220705,2022-08-09 22:00,2022-08-10 6:00,0,1,456,456,448,8,280,176,127,59,0,9,,
1278,20220810_101,1,1,AAAAA,101,3,Inspection_220705,2022-08-10 6:00,2022-08-10 14:00,0,1,712,712,710,2,567,145,58,89,4,2,,
1279,20220810_102,1,2,AAAAA,102,3,Inspection_220705,2022-08-10 14:00,2022-08-10 22:00,0,1,718,718,689,29,472,246,125,126,2,36,,
1280,20220810_103,1,3,AAAAA,103,3,Inspection_220705,2022-08-10 22:00,2022-08-11 6:00,0,1,672,672,661,11,363,309,205,155,0,12,,
1281,20220811_101,1,1,AAAAA,101,3,Inspection_220705,2022-08-11 6:00,2022-08-11 14:23,0,1,720,720,698,22,373,347,106,255,2,26,,
1282,20220811_102,1,2,AAAAA,102,3,Inspection_220705,2022-08-11 14:23,2022-08-11 22:00,0,1,722,722,701,21,575,147,103,32,0,26,,
1283,20220811_103,1,3,AAAAA,103,3,Inspection_220705,2022-08-11 22:00,2022-08-12 6:01,0,1,690,689,672,17,330,359,302,111,1,20,,
1284,20220812_101,1,1,AAAAA,101,3,Inspection_220705,2022-08-12 6:01,2022-08-12 14:09,0,1,662,662,654,8,425,237,83,167,4,8,,
1285,20220812_102,1,2,AAAAA,102,3,Inspection_220705,2022-08-12 14:09,2022-08-12 22:00,0,1,930,929,896,33,463,466,188,329,4,37,,
1286,20220812_103,1,3,AAAAA,103,3,Inspection_220705,2022-08-12 22:00,2022-08-13 6:15,0,1,452,452,440,12,272,180,96,89,1,13,,
1287,20220813_101,1,1,AAAAA,101,3,Inspection_220705,2022-08-13 6:15,2022-08-13 14:00,0,1,708,708,695,13,498,210,75,145,5,15,,
1288,20220813_102,1,2,AAAAA,102,3,Inspection_220705,2022-08-13 14:00,2022-08-13 22:00,0,1,856,856,841,15,702,154,54,86,6,18,,
1289,20220813_103,1,3,AAAAA,103,3,Inspection_220705,2022-08-13 22:00,2022-08-14 6:12,0,1,504,504,494,10,200,304,127,219,1,13,,
1290,20220814_101,1,1,AAAAA,101,3,Inspection_220705,2022-08-14 6:12,2022-08-14 14:00,0,1,704,704,687,17,508,196,98,92,2,19,,
1291,20220814_102,1,2,AAAAA,102,3,Inspection_220705,2022-08-14 14:00,2022-08-14 22:00,0,1,708,707,678,29,326,381,226,163,1,31,,
1292,20220814_103,1,3,AAAAA,103,3,Inspection_220705,2022-08-14 22:00,2022-08-15 6:22,0,1,630,630,616,14,426,204,96,119,0,16,,
1293,20220815_101,1,1,AAAAA,101,3,Inspection_220705,2022-08-15 6:22,2022-08-15 14:00,0,1,736,735,715,20,586,149,86,66,2,23,,
1294,20220815_102,1,2,AAAAA,102,3,Inspection_220705,2022-08-15 14:00,2022-08-15 22:00,0,1,668,667,657,10,596,71,47,8,7,13,,
1295,20220815_103,1,3,AAAAA,103,3,Inspection_220705,2022-08-15 22:00,2022-08-16 6:13,0,1,630,630,617,13,530,100,43,47,2,13,,
1296,20220816_101,1,1,AAAAA,101,3,Inspection_220705,2022-08-16 6:13,2022-08-16 14:00,0,1,670,669,650,19,570,99,69,10,4,23,,
1297,20220816_102,1,2,AAAAA,102,3,Inspection_220705,2022-08-16 14:00,2022-08-16 22:00,0,1,742,742,727,15,600,142,108,21,4,19,,
1298,20220816_103,1,3,AAAAA,103,3,Inspection_220705,2022-08-16 22:00,2022-08-17 6:24,0,1,626,626,617,9,533,93,43,45,1,10,,
1299,20220817_101,1,1,AAAAA,101,3,Inspection_220705,2022-08-17 6:24,2022-08-17 14:49,0,1,674,673,612,61,474,199,118,37,2,69,,
1300,20220817_102,1,2,AAAAA,102,3,Inspection_220705,2022-08-17 14:49,2022-08-17 22:00,0,1,744,744,728,16,528,216,134,86,0,17,,
1301,20220817_103,1,3,AAAAA,103,3,Inspection_220705,2022-08-17 22:00,2022-08-18 6:12,0,1,634,633,627,6,490,143,120,19,1,7,,
1302,20220818_101,1,1,AAAAA,101,3,Inspection_220705,2022-08-18 6:12,2022-08-18 14:18,0,1,676,675,662,13,214,461,259,306,0,15,,
1303,20220818_102,1,2,AAAAA,102,3,Inspection_220705,2022-08-18 14:18,2022-08-18 22:00,0,1,750,750,733,17,374,376,189,214,2,18,,
1304,20220818_103,1,3,AAAAA,103,3,Inspection_220705,2022-08-18 22:00,2022-08-19 6:58,0,1,612,612,604,8,325,287,94,218,2,9,,
1305,20220819_101,1,1,AAAAA,101,3,Inspection_220705,2022-08-19 6:58,2022-08-19 14:09,0,1,688,688,677,11,182,506,128,431,1,12,,
1306,20220819_102,1,2,AAAAA,102,3,Inspection_220705,2022-08-19 14:09,2022-08-19 22:00,0,1,676,676,669,7,468,208,24,184,3,7,,
1307,20220819_103,1,3,AAAAA,103,3,Inspection_220705,2022-08-19 22:00,2022-08-20 7:00,0,1,682,682,627,55,422,260,167,80,1,55,,
1308,20220820_101,1,1,AAAAA,101,3,Inspection_220705,2022-08-20 7:00,2022-08-20 14:14,0,1,696,696,683,13,409,287,142,188,2,14,,
1309,20220820_102,1,2,AAAAA,102,3,Inspection_220705,2022-08-20 14:14,2022-08-20 22:00,0,1,716,716,699,17,362,354,277,114,1,19,,
1310,20220820_103,1,3,AAAAA,103,3,Inspection_220705,2022-08-20 22:00,2022-08-21 7:02,0,1,674,674,576,98,337,337,231,75,3,102,,
1311,20220821_101,1,1,AAAAA,101,3,Inspection_220705,2022-08-21 7:02,2022-08-21 14:00,0,1,742,742,731,11,469,273,105,172,7,13,,
1312,20220821_102,1,2,AAAAA,102,3,Inspection_220705,2022-08-21 14:01,2022-08-21 22:00,0,1,642,642,627,15,482,160,40,115,1,19,,
1313,20220821_103,1,3,AAAAA,103,3,Inspection_220705,2022-08-21 22:00,2022-08-22 7:02,0,1,684,684,668,16,334,350,268,95,3,18,,
1314,20220822_101,1,1,AAAAA,101,3,Inspection_220705,2022-08-22 7:02,2022-08-22 14:00,0,1,728,728,714,14,543,185,123,60,2,19,,
1315,20220822_102,1,2,AAAAA,102,3,Inspection_220705,2022-08-22 14:00,2022-08-22 22:00,0,1,664,664,655,9,276,388,267,144,0,10,,
1316,20220822_103,1,3,AAAAA,103,3,Inspection_220705,2022-08-22 22:00,2022-08-23 7:08,0,1,680,680,660,20,216,464,375,148,1,23,,
1317,20220823_101,1,1,AAAAA,101,3,Inspection_220705,2022-08-23 7:08,2022-08-23 14:00,0,1,736,736,725,11,491,245,131,141,4,14,,
1318,20220823_102,1,2,AAAAA,102,3,Inspection_220705,2022-08-23 14:00,2022-08-23 22:00,0,1,724,723,713,10,520,203,52,146,7,14,,
1319,20220823_103,1,3,AAAAA,103,3,Inspection_220705,2022-08-23 22:00,2022-08-24 6:51,0,1,612,612,598,14,467,145,72,67,2,16,,
1320,20220824_101,1,1,AAAAA,101,3,Inspection_220705,2022-08-24 6:51,2022-08-24 14:00,0,1,744,744,734,10,655,89,28,54,2,10,,
1321,20220824_102,1,2,AAAAA,102,3,Inspection_220705,2022-08-24 14:00,2022-08-24 22:00,0,1,778,778,760,18,692,86,38,30,4,19,,
1322,20220824_103,1,3,AAAAA,103,3,Inspection_220705,2022-08-24 22:00,2022-08-25 7:08,0,1,526,526,520,6,392,134,25,112,3,8,,
1323,20220825_101,1,1,AAAAA,101,3,Inspection_220705,2022-08-25 7:08,2022-08-25 14:00,0,1,730,730,719,11,520,210,64,142,5,11,,
1324,20220825_102,1,2,AAAAA,102,3,Inspection_220705,2022-08-25 14:00,2022-08-25 22:04,0,1,644,644,633,11,460,184,47,135,5,11,,
1325,20220825_103,1,3,AAAAA,103,3,Inspection_220705,2022-08-25 22:04,2022-08-26 7:04,0,1,682,682,663,19,549,133,36,75,12,22,,
1326,20220826_101,1,1,AAAAA,101,3,Inspection_220705,2022-08-26 7:04,2022-08-26 14:24,0,1,670,670,663,7,510,160,56,100,4,7,,
1327,20220826_102,1,2,AAAAA,102,3,Inspection_220705,2022-08-26 14:24,2022-08-26 22:00,0,1,758,758,733,25,606,152,53,85,4,30,,
1328,20220826_103,1,3,AAAAA,103,3,Inspection_220705,2022-08-26 22:00,2022-08-27 6:56,0,1,590,590,572,18,435,155,15,126,4,25,,
1329,20220827_101,1,1,AAAAA,101,3,Inspection_220705,2022-08-27 6:56,2022-08-27 14:00,0,1,720,719,688,31,537,182,31,120,9,38,,
1330,20220827_102,1,2,AAAAA,102,3,Inspection_220705,2022-08-27 14:00,2022-08-27 22:00,0,1,606,605,591,14,486,119,22,82,5,18,,
1331,20220827_103,1,3,AAAAA,103,3,Inspection_220705,2022-08-27 22:00,2022-08-28 6:00,0,1,748,748,713,35,592,156,20,105,2,41,,
1332,20220828_101,1,1,AAAAA,101,3,Inspection_220705,2022-08-28 6:00,2022-08-28 14:00,0,1,622,622,619,3,521,101,11,87,1,3,,
1333,20220828_102,1,2,AAAAA,102,3,Inspection_220705,2022-08-28 14:00,2022-08-28 22:02,0,1,692,692,672,20,542,150,18,118,0,25,,
1334,20220828_103,1,3,AAAAA,103,3,Inspection_220705,2022-08-28 22:02,2022-08-29 6:00,0,1,702,702,692,10,639,63,14,41,0,12,,
1335,20220829_101,1,1,AAAAA,101,3,Inspection_220705,2022-08-29 6:00,2022-08-29 12:45,0,1,622,622,611,11,569,53,17,24,2,11,,
1336,20220829_101,2,1,AAAAA,101,5,CU_INSPECTION,2022-08-29 12:58,2022-08-29 13:11,622,623,648,26,26,0,1,25,14,19,0,0,,
1337,20220829_102,1,2,AAAAA,102,6,Inspection_220829,2022-08-29 15:15,2022-08-29 15:24,0,1,6,6,6,0,0,6,6,0,0,2,0,0
1338,20220829_102,2,2,AAAAA,102,6,Inspection_220829,2022-08-29 15:25,2022-08-29 15:29,6,7,14,8,8,0,0,8,8,0,0,2,0,0
1339,20220829_102,3,2,AAAAA,102,3,Inspection_220705,2022-08-29 15:50,2022-08-29 15:50,14,-1,-1,0,0,0,0,0,0,0,0,0,,
1340,20220829_102,4,2,AAAAA,102,6,Inspection_220829,2022-08-29 15:52,2022-08-29 15:54,14,15,18,4,2,2,0,4,4,0,0,0,2,0
1341,20220829_102,5,2,AAAAA,102,6,Inspection_220829,2022-08-29 15:58,2022-08-29 16:03,18,19,24,6,4,2,1,5,3,0,0,3,2,0
1342,20220829_102,6,2,AAAAA,102,6,Inspection_220829,2022-08-29 16:07,2022-08-29 16:08,24,25,26,2,2,0,0,2,2,0,0,0,0,0
1343,20220829_102,7,2,AAAAA,102,6,Inspection_220829,2022-08-29 16:08,2022-08-29 16:10,26,27,30,4,2,2,0,4,4,0,0,0,2,0
1344,20220829_102,8,2,AAAAA,102,6,Inspection_220829,2022-08-29 16:15,2022-08-29 16:17,30,31,36,6,4,2,0,6,4,0,0,3,3,0
1345,20220829_102,9,2,AAAAA,102,6,Inspection_220829,2022-08-29 16:22,2022-08-29 16:28,36,37,48,12,10,2,4,8,5,1,0,3,2,0
1346,20220829_102,10,2,AAAAA,102,6,Inspection_220829,2022-08-29 16:28,2022-08-29 16:33,48,49,60,12,10,2,7,5,3,0,0,0,2,0
1347,20220829_102,11,2,AAAAA,102,6,Inspection_220829,2022-08-29 16:40,2022-08-29 21:59,60,61,462,402,390,12,256,146,14,28,1,98,16,0
1348,20220829_103,1,3,AAAAA,103,6,Inspection_220829,2022-08-29 21:59,2022-08-30 5:54,0,1,690,690,679,11,495,195,7,20,1,160,14,0
1349,20220830_101,1,1,AAAAA,101,6,Inspection_220829,2022-08-30 5:54,2022-08-30 14:15,0,1,666,666,660,6,442,224,44,19,4,167,7,0
1350,20220830_102,1,2,AAAAA,102,6,Inspection_220829,2022-08-30 14:15,2022-08-30 14:39,0,1,30,30,30,0,22,8,3,0,0,5,0,0
1351,20220830_102,2,2,AAAAA,102,6,Inspection_220829,2022-08-30 14:51,2022-08-30 14:57,30,31,40,10,10,0,5,5,1,0,4,1,0,0
1352,20220830_102,3,2,AAAAA,102,6,Inspection_220829,2022-08-30 14:59,2022-08-30 15:02,40,41,44,4,4,0,2,2,0,0,2,1,0,0
1353,20220830_102,4,2,AAAAA,102,6,Inspection_220829,2022-08-30 15:08,2022-08-30 15:10,44,45,48,4,4,0,2,2,1,0,0,1,0,0
1354,20220830_102,5,2,AAAAA,102,6,Inspection_220829,2022-08-30 15:32,2022-08-30 15:38,48,49,58,10,10,0,6,4,2,0,2,0,0,0
1355,20220830_102,6,2,AAAAA,102,6,Inspection_220829,2022-08-30 15:45,2022-08-30 15:47,58,-1,-1,0,0,0,0,0,0,0,0,0,0,0
1356,20220830_102,7,2,AAAAA,102,6,Inspection_220829,2022-08-30 15:55,2022-08-30 21:40,58,59,596,538,523,15,247,291,183,24,62,51,17,0
1357,20220830_103,1,3,AAAAA,103,6,Inspection_220829,2022-08-30 21:40,2022-08-31 5:59,0,1,690,690,675,15,393,297,101,53,80,92,17,0
1358,20220831_101,1,1,AAAAA,101,6,Inspection_220829,2022-08-31 5:59,2022-08-31 14:34,0,1,676,675,660,15,365,310,122,41,116,60,18,0
1359,20220831_102,1,2,AAAAA,102,6,Inspection_220829,2022-08-31 14:34,2022-08-31 22:05,0,1,586,586,577,9,308,278,100,50,52,124,9,0
1360,20220831_103,1,3,AAAAA,103,6,Inspection_220829,2022-08-31 22:05,2022-09-01 2:30,0,1,580,579,567,12,297,282,92,47,56,138,14,0
1361,20220901_102,1,2,AAAAA,102,6,Inspection_220829,2022-09-01 16:22,2022-09-01 21:30,0,1,460,460,451,9,239,221,43,78,36,87,9,0
1362,20220901_103,1,3,AAAAA,103,6,Inspection_220829,2022-09-01 21:30,2022-09-02 6:36,0,1,632,631,597,34,279,352,38,134,32,159,36,0
1363,20220902_101,1,1,AAAAA,101,6,Inspection_220829,2022-09-02 6:36,2022-09-02 12:18,0,1,536,536,512,24,227,309,98,79,42,134,28,0
1364,20220902_102,1,2,AAAAA,102,6,Inspection_220829,2022-09-02 15:33,2022-09-02 17:05,0,1,164,164,160,4,77,87,27,13,9,54,4,0
1365,20220902_102,2,2,AAAAA,102,6,Inspection_220829,2022-09-02 17:15,2022-09-02 21:30,164,165,668,504,490,14,288,216,24,65,18,110,15,0
1366,20220902_103,1,3,AAAAA,103,6,Inspection_220829,2022-09-02 21:30,2022-09-03 1:18,0,1,534,533,524,9,274,259,54,91,36,114,10,0
1367,20220905_101,1,1,AAAAA,101,6,Inspection_220829,2022-09-05 8:23,2022-09-05 10:44,0,1,266,266,264,2,159,107,46,29,23,21,2,0
1368,20220905_101,2,1,AAAAA,101,6,Inspection_220829,2022-09-05 10:47,2022-09-05 13:34,266,267,440,174,169,5,88,86,47,31,5,17,5,0
1369,20220905_102,1,2,AAAAA,102,6,Inspection_220829,2022-09-05 13:34,2022-09-05 16:02,0,1,236,236,234,2,145,91,53,21,12,22,2,0
1370,20220905_102,2,2,AAAAA,102,7,Inspection_220905,2022-09-05 16:15,2022-09-05 16:46,236,237,292,56,56,0,39,17,4,11,3,0,0,0
1371,20220905_102,3,2,AAAAA,102,7,Inspection_220905,2022-09-05 16:46,2022-09-05 17:04,292,-1,-1,0,0,0,0,0,0,0,0,0,0,0
1372,20220905_102,4,2,AAAAA,102,7,Inspection_220905,2022-09-05 17:04,2022-09-06 13:42,292,-1,-1,0,0,0,0,0,0,0,0,0,0,0
1373,20220906_102,1,2,AAAAA,102,7,Inspection_220905,2022-09-06 13:46,2022-09-06 21:38,0,1,506,506,506,0,261,245,111,99,60,1,0,0
1374,20220906_103,1,3,AAAAA,103,7,Inspection_220905,2022-09-06 21:38,2022-09-07 7:01,0,1,690,690,686,4,315,375,128,234,44,13,4,0
1375,20220907_101,1,1,AAAAA,101,7,Inspection_220905,2022-09-07 7:01,2022-09-07 14:49,0,1,668,668,655,13,325,343,167,122,53,29,18,0
1376,20220907_102,1,2,AAAAA,102,7,Inspection_220905,2022-09-07 14:49,2022-09-07 21:42,0,1,692,691,674,17,286,405,109,284,100,2,23,0
1377,20220907_103,1,3,AAAAA,103,7,Inspection_220905,2022-09-07 21:42,2022-09-08 7:01,0,1,692,691,683,8,447,244,77,110,63,5,10,0
1378,20220908_101,1,1,AAAAA,101,7,Inspection_220905,2022-09-08 7:01,2022-09-08 8:46,0,1,244,244,244,0,70,174,57,142,30,0,0,0
1379,20220908_101,2,1,AAAAA,101,7,Inspection_220905,2022-09-08 8:49,2022-09-08 8:51,244,245,248,4,4,0,1,3,1,3,1,0,0,0
1380,20220908_101,3,1,AAAAA,101,7,Inspection_220905,2022-09-08 8:52,2022-09-08 8:54,248,249,252,4,4,0,1,3,2,2,0,0,0,0
1381,20220908_101,4,1,AAAAA,101,7,Inspection_220905,2022-09-08 9:47,2022-09-08 10:10,252,253,306,54,52,2,31,23,6,8,8,1,3,0
1382,20220908_101,5,1,AAAAA,101,7,Inspection_220905,2022-09-08 10:16,2022-09-08 10:17,306,307,310,4,2,2,0,4,1,2,1,0,2,0
1383,20220908_101,6,1,AAAAA,101,7,Inspection_220905,2022-09-08 10:19,2022-09-08 10:21,310,311,314,4,4,0,0,4,1,4,0,0,0,0
1384,20220908_101,7,1,AAAAA,101,7,Inspection_220905,2022-09-08 10:28,2022-09-08 10:29,314,315,316,2,2,0,0,2,0,1,1,0,0,0
1385,20220908_101,8,1,AAAAA,101,7,Inspection_220905,2022-09-08 10:31,2022-09-08 10:39,316,317,334,18,17,1,5,13,3,10,3,0,1,0
1386,20220908_101,9,1,AAAAA,101,7,Inspection_220905,2022-09-08 10:57,2022-09-08 13:31,334,335,394,60,54,6,30,30,6,19,1,2,8,0
1387,20220908_102,1,2,AAAAA,102,7,Inspection_220905,2022-09-08 13:31,2022-09-08 22:00,0,1,764,764,737,27,598,166,60,48,33,12,33,0
1388,20220908_103,1,3,AAAAA,103,7,Inspection_220905,2022-09-08 22:00,2022-09-09 6:22,0,1,686,686,662,24,602,84,40,6,14,4,25,0
1389,20220909_101,1,1,AAAAA,101,7,Inspection_220905,2022-09-09 6:22,2022-09-09 14:55,0,1,664,664,650,14,470,194,58,77,27,34,18,0
1390,20220909_102,1,2,AAAAA,102,7,Inspection_220905,2022-09-09 14:55,2022-09-09 21:30,0,1,734,733,720,13,589,144,54,31,34,23,15,0
1391,20220909_103,1,3,AAAAA,103,7,Inspection_220905,2022-09-09 21:30,2022-09-10 6:15,0,1,646,646,633,13,576,70,37,3,14,8,15,0
1392,20220910_101,1,1,AAAAA,101,7,Inspection_220905,2022-09-10 6:15,2022-09-10 13:49,0,1,670,670,662,8,596,74,36,9,16,5,9,0
1393,20220910_102,1,2,AAAAA,102,7,Inspection_220905,2022-09-10 13:49,2022-09-10 14:34,0,1,106,106,103,3,93,13,5,0,4,1,3,0
1394,20220913_101,1,1,AAAAA,101,7,Inspection_220905,2022-09-13 8:30,2022-09-13 8:41,0,1,32,32,30,2,28,4,0,0,0,3,2,0
1395,20220913_101,2,1,AAAAA,101,7,Inspection_220905,2022-09-13 8:42,2022-09-13 13:33,32,33,458,426,418,8,368,58,10,9,7,26,9,0
1396,20220913_102,1,2,AAAAA,102,7,Inspection_220905,2022-09-13 13:33,2022-09-13 21:49,0,1,684,684,672,12,620,64,27,6,13,9,12,0
1397,20220913_103,1,3,AAAAA,103,7,Inspection_220905,2022-09-13 21:49,2022-09-14 6:12,0,1,692,692,677,15,625,67,30,10,13,1,17,0
1398,20220914_101,1,1,AAAAA,101,7,Inspection_220905,2022-09-14 6:12,2022-09-14 10:58,0,1,452,452,437,15,411,41,9,2,14,3,17,0
1399,20220914_101,2,1,AAAAA,101,7,Inspection_220905,2022-09-14 11:05,2022-09-14 13:32,452,453,662,210,210,0,200,10,6,0,4,0,0,0
1400,20220914_102,1,2,AAAAA,102,7,Inspection_220905,2022-09-14 13:32,2022-09-14 21:32,0,1,696,695,680,15,600,95,32,7,26,19,18,0
1401,20220914_103,1,3,AAAAA,103,7,Inspection_220905,2022-09-14 21:32,2022-09-15 6:12,0,1,694,694,679,15,603,91,38,11,10,22,19,0
1402,20220915_101,1,1,AAAAA,101,7,Inspection_220905,2022-09-15 6:12,2022-09-15 15:14,0,1,682,682,677,5,611,71,25,6,14,25,7,0
1403,20220915_102,1,2,AAAAA,102,7,Inspection_220905,2022-09-15 15:15,2022-09-15 21:31,0,1,672,672,659,13,615,57,29,2,12,3,13,0
1404,20220915_103,1,3,AAAAA,103,7,Inspection_220905,2022-09-15 21:31,2022-09-16 5:59,0,1,696,696,682,14,528,168,32,4,73,47,18,0
1405,20220916_101,1,1,AAAAA,101,7,Inspection_220905,2022-09-16 5:59,2022-09-16 11:33,0,1,580,579,570,9,517,62,16,6,22,11,11,0
1406,20220916_101,2,1,AAAAA,101,7,Inspection_220905,2022-09-16 11:44,2022-09-16 13:44,580,581,674,93,92,1,88,5,3,0,0,1,2,0
1407,20220916_102,1,2,AAAAA,102,7,Inspection_220905,2022-09-16 13:45,2022-09-16 21:30,0,1,878,878,876,2,775,103,75,10,12,5,2,0
1408,20220916_103,1,3,AAAAA,103,7,Inspection_220905,2022-09-16 21:30,2022-09-17 6:10,0,1,464,464,457,7,374,90,52,14,14,6,7,0
1409,20220917_101,1,1,AAAAA,101,7,Inspection_220905,2022-09-17 6:10,2022-09-17 13:30,0,1,674,674,650,24,538,136,58,38,25,4,27,0
1410,20220917_102,1,2,AAAAA,102,7,Inspection_220905,2022-09-17 13:30,2022-09-17 16:49,0,1,312,312,303,9,226,86,39,7,30,9,11,0
1411,20220919_101,1,1,AAAAA,101,7,Inspection_220905,2022-09-19 8:02,2022-09-19 10:15,0,1,192,192,187,5,153,39,6,19,5,7,5,0
1412,20220919_101,2,1,AAAAA,101,7,Inspection_220905,2022-09-19 10:16,2022-09-19 13:30,192,193,500,308,308,0,233,75,14,46,8,10,0,0
1413,20220919_102,1,2,AAAAA,102,7,Inspection_220905,2022-09-19 13:30,2022-09-19 16:00,0,1,296,296,284,12,262,34,7,11,5,2,12,0
1414,20220919_102,2,2,AAAAA,102,7,Inspection_220905,2022-09-19 16:01,2022-09-19 16:08,296,297,312,16,16,0,15,1,1,0,0,0,0,0
1415,20220919_102,3,2,AAAAA,102,7,Inspection_220905,2022-09-19 16:10,2022-09-19 16:14,312,313,320,8,6,2,4,4,0,0,2,0,2,0
1416,20220919_102,4,2,AAAAA,102,7,Inspection_220905,2022-09-19 16:15,2022-09-19 16:19,320,321,332,12,10,2,10,2,0,0,0,0,2,0
1417,20220919_102,5,2,AAAAA,102,7,Inspection_220905,2022-09-19 16:23,2022-09-19 16:25,332,333,338,6,4,2,4,2,0,0,0,0,2,0
1418,20220919_102,6,2,AAAAA,102,7,Inspection_220905,2022-09-19 16:28,2022-09-19 21:30,338,339,1016,678,659,19,631,47,13,7,7,6,21,0
1419,20220919_103,1,3,AAAAA,103,7,Inspection_220905,2022-09-19 21:30,2022-09-20 5:46,0,1,348,347,334,13,312,35,7,7,7,3,17,0
1420,20220920_101,1,1,AAAAA,101,7,Inspection_220905,2022-09-20 5:46,2022-09-20 14:03,0,1,658,658,647,11,573,85,7,62,8,4,12,0
1421,20220920_102,1,2,AAAAA,102,7,Inspection_220905,2022-09-20 14:03,2022-09-20 15:42,0,1,212,212,207,5,161,51,3,37,7,1,6,0
1422,20220920_102,2,2,AAAAA,102,7,Inspection_220905,2022-09-20 15:45,2022-09-20 21:59,212,213,674,462,460,2,342,120,8,88,8,22,2,0
1423,20220920_103,1,3,AAAAA,103,7,Inspection_220905,2022-09-20 22:00,2022-09-21 5:48,0,1,690,689,663,26,585,104,17,51,15,3,29,0
1424,20220921_101,1,1,AAAAA,101,7,Inspection_220905,2022-09-21 5:48,2022-09-21 13:59,0,1,684,684,676,8,625,59,12,36,5,0,8,0
1425,20220921_102,1,2,AAAAA,102,7,Inspection_220905,2022-09-21 13:59,2022-09-21 21:34,0,1,370,370,369,1,355,15,9,0,4,2,1,0
1426,20220921_103,1,3,AAAAA,103,7,Inspection_220905,2022-09-21 21:34,2022-09-22 6:25,0,1,672,670,664,6,576,94,26,44,15,6,9,0
1427,20220922_101,1,1,AAAAA,101,7,Inspection_220905,2022-09-22 6:25,2022-09-22 13:52,0,1,698,697,691,6,556,141,45,106,7,3,7,0
1428,20220922_102,1,2,AAAAA,102,7,Inspection_220905,2022-09-22 13:52,2022-09-22 16:46,0,1,410,410,406,4,247,163,10,147,8,1,4,0
1429,20220922_102,2,2,AAAAA,102,7,Inspection_220905,2022-09-22 16:53,2022-09-22 21:30,410,411,972,562,554,8,435,127,11,99,2,11,8,0
1430,20220922_103,1,3,AAAAA,103,7,Inspection_220905,2022-09-22 21:30,2022-09-23 6:02,0,1,396,395,390,5,348,47,8,23,9,7,6,0
1431,20220923_101,1,1,AAAAA,101,7,Inspection_220905,2022-09-23 6:02,2022-09-23 13:30,0,1,690,690,684,6,587,103,41,15,23,23,9,0
1432,20220923_102,1,2,AAAAA,102,7,Inspection_220905,2022-09-23 13:30,2022-09-23 16:38,0,1,306,306,301,5,250,56,25,19,7,2,5,0
1433,20220926_101,1,1,AAAAA,101,7,Inspection_220905,2022-09-26 8:20,2022-09-26 9:40,0,1,132,132,132,0,85,47,3,43,2,1,0,0
1434,20220926_101,2,1,AAAAA,101,7,Inspection_220905,2022-09-26 9:43,2022-09-26 9:44,132,-1,-1,0,0,0,0,0,0,0,0,0,0,0
1435,20220926_101,3,1,AAAAA,101,7,Inspection_220905,2022-09-26 9:44,2022-09-26 13:34,132,133,426,294,291,3,218,76,2,68,4,0,4,0
1436,20220926_102,1,2,AAAAA,102,7,Inspection_220905,2022-09-26 13:34,2022-09-26 20:32,0,1,686,685,653,32,567,118,6,65,14,6,35,0
1437,20220927_101,1,1,AAAAA,101,7,Inspection_220905,2022-09-27 8:12,2022-09-27 13:39,0,1,516,516,512,4,440,76,6,66,3,0,5,0
1438,20220927_102,1,2,AAAAA,102,7,Inspection_220905,2022-09-27 13:39,2022-09-27 21:40,0,1,678,678,673,5,652,26,11,5,7,0,5,0
1439,20220927_103,1,3,AAAAA,103,7,Inspection_220905,2022-09-27 21:40,2022-09-28 6:02,0,1,672,672,664,8,607,65,14,3,5,36,9,0
1440,20220928_101,1,1,AAAAA,101,7,Inspection_220905,2022-09-28 6:02,2022-09-28 14:39,0,1,666,666,656,10,540,126,14,45,19,45,10,0
1441,20220928_102,1,2,AAAAA,102,7,Inspection_220905,2022-09-28 14:39,2022-09-28 20:41,0,1,438,437,431,6,377,60,29,19,9,3,6,0
1442,20220929_101,1,1,AAAAA,101,7,Inspection_220905,2022-09-29 8:34,2022-09-29 13:43,0,1,422,422,418,4,342,80,9,1,20,46,4,0
1443,20220929_102,1,2,AAAAA,102,7,Inspection_220905,2022-09-29 13:44,2022-09-29 22:01,0,1,670,670,667,3,605,65,19,4,19,21,4,0
1444,20220929_103,1,3,AAAAA,103,7,Inspection_220905,2022-09-29 22:01,2022-09-30 7:00,0,1,696,696,681,15,646,50,13,7,11,7,17,0
1445,20220930_101,1,1,AAAAA,101,7,Inspection_220905,2022-09-30 7:00,2022-09-30 13:21,0,1,668,668,664,4,634,34,12,2,5,12,5,0
1446,20220930_102,1,2,AAAAA,102,7,Inspection_220905,2022-09-30 13:41,2022-09-30 14:07,0,1,40,40,33,7,30,10,4,0,0,2,7,0
1447,20220930_102,2,2,AAAAA,102,7,Inspection_220905,2022-09-30 14:07,2022-09-30 22:02,40,41,676,636,633,3,593,43,14,6,18,3,5,0
1448,20220930_103,1,3,AAAAA,103,7,Inspection_220905,2022-09-30 22:02,2022-10-01 6:48,0,1,680,678,652,26,491,187,25,6,34,106,31,0
1449,20221001_101,1,1,AAAAA,101,7,Inspection_220905,2022-10-01 6:48,2022-10-01 13:34,0,1,682,681,668,13,554,127,27,0,30,59,17,0
1450,20221001_102,1,2,AAAAA,102,7,Inspection_220905,2022-10-01 13:34,2022-10-01 18:56,0,1,532,532,528,4,487,45,3,8,23,6,5,0
1451,20221004_101,1,1,AAAAA,101,7,Inspection_220905,2022-10-04 8:29,2022-10-04 9:36,0,1,174,173,167,6,131,42,5,0,10,23,8,0
1452,20221004_101,2,1,AAAAA,101,7,Inspection_220905,2022-10-04 9:44,2022-10-04 9:44,174,175,176,2,0,2,0,2,0,0,0,1,3,0
1453,20221004_101,3,1,AAAAA,101,7,Inspection_220905,2022-10-04 9:44,2022-10-04 9:48,176,177,186,10,10,0,8,2,0,0,0,2,0,0
1454,20221004_101,4,1,AAAAA,101,7,Inspection_220905,2022-10-04 9:50,2022-10-04 9:51,186,187,190,4,4,0,4,0,0,0,0,0,0,0
1455,20221004_101,5,1,AAAAA,101,7,Inspection_220905,2022-10-04 9:59,2022-10-04 13:32,190,191,336,146,146,0,146,0,0,0,0,0,0,0
1456,20221004_102,1,2,AAAAA,102,7,Inspection_220905,2022-10-04 13:32,2022-10-04 15:32,0,1,214,214,207,7,150,64,36,1,17,4,10,0
1457,20221004_102,2,2,AAAAA,102,7,Inspection_220905,2022-10-04 15:33,2022-10-04 21:56,214,215,688,474,467,7,427,47,6,0,29,5,7,0
1458,20221004_103,1,3,AAAAA,103,7,Inspection_220905,2022-10-04 21:56,2022-10-05 6:04,0,1,692,692,674,18,640,52,17,2,3,12,19,0
1459,20221005_101,1,1,AAAAA,101,7,Inspection_220905,2022-10-05 6:04,2022-10-05 10:30,0,1,510,510,499,11,442,68,36,1,17,7,13,0
1460,20221005_101,2,1,AAAAA,101,7,Inspection_220905,2022-10-05 10:38,2022-10-05 10:41,510,511,516,6,6,0,5,1,1,0,0,0,0,0
1461,20221005_101,3,1,AAAAA,101,7,Inspection_220905,2022-10-05 10:43,2022-10-05 10:44,516,-1,-1,0,0,0,0,0,0,0,0,0,0,0
1462,20221005_101,4,1,AAAAA,101,7,Inspection_220905,2022-10-05 10:44,2022-10-05 10:51,516,517,526,10,8,2,7,3,0,1,0,0,2,0
1463,20221005_101,5,1,AAAAA,101,7,Inspection_220905,2022-10-05 10:51,2022-10-05 10:54,526,527,532,6,6,0,6,0,0,0,0,0,0,0
1464,20221005_101,6,1,AAAAA,101,7,Inspection_220905,2022-10-05 10:56,2022-10-05 13:56,532,533,636,104,100,4,97,7,1,0,2,0,4,0
1465,20221005_102,1,2,AAAAA,102,7,Inspection_220905,2022-10-05 13:56,2022-10-05 21:58,0,1,692,692,680,12,658,34,5,7,10,2,14,0
1466,20221005_103,1,3,AAAAA,103,7,Inspection_220905,2022-10-05 21:58,2022-10-06 6:05,0,1,686,686,677,9,649,37,8,13,7,1,9,0
1467,20221006_101,1,1,AAAAA,101,7,Inspection_220905,2022-10-06 6:06,2022-10-06 13:58,0,1,672,672,645,27,578,94,16,29,19,7,31,0
1468,20221006_102,1,2,AAAAA,102,7,Inspection_220905,2022-10-06 13:58,2022-10-06 21:53,0,1,672,672,642,30,603,69,19,13,6,6,34,0
1469,20221006_103,1,3,AAAAA,103,7,Inspection_220905,2022-10-06 21:53,2022-10-06 23:00,0,1,180,180,180,0,170,10,2,3,2,2,1,0
1470,20221007_101,1,1,AAAAA,101,7,Inspection_220905,2022-10-07 8:06,2022-10-07 10:05,0,1,224,224,219,5,199,25,8,12,2,1,5,0
1471,20221007_101,2,1,AAAAA,101,7,Inspection_220905,2022-10-07 10:53,2022-10-07 11:17,224,225,266,42,42,0,33,9,1,8,0,0,0,0
1472,20221007_101,3,1,AAAAA,101,7,Inspection_220905,2022-10-07 11:18,2022-10-07 14:00,266,267,376,110,108,2,70,40,2,35,2,1,3,0
1473,20221007_102,1,2,AAAAA,102,7,Inspection_220905,2022-10-07 14:00,2022-10-07 21:30,0,1,920,919,898,21,800,119,28,57,12,6,27,0
1474,20221007_103,1,3,AAAAA,103,7,Inspection_220905,2022-10-07 21:30,2022-10-08 6:13,0,1,466,465,457,8,436,29,3,11,6,3,10,0
1475,20221008_101,1,1,AAAAA,101,7,Inspection_220905,2022-10-08 6:13,2022-10-08 13:30,0,1,744,744,721,23,560,184,15,128,7,17,28,0
1476,20221008_102,1,2,AAAAA,102,7,Inspection_220905,2022-10-08 13:30,2022-10-08 21:30,0,1,844,844,826,18,689,155,34,22,79,8,21,0
1477,20221008_103,1,3,AAAAA,103,7,Inspection_220905,2022-10-08 21:30,2022-10-09 6:13,0,1,460,460,439,21,410,50,6,21,3,3,23,0
1478,20221009_101,1,1,AAAAA,101,7,Inspection_220905,2022-10-09 6:13,2022-10-09 13:31,0,1,744,744,727,17,568,176,23,114,26,2,19,0
1479,20221009_102,1,2,AAAAA,102,7,Inspection_220905,2022-10-09 13:31,2022-10-09 21:30,0,1,672,672,659,13,474,198,18,149,14,17,16,0
1480,20221009_103,1,3,AAAAA,103,7,Inspection_220905,2022-10-09 21:30,2022-10-10 6:28,0,1,598,598,587,11,501,97,10,62,11,7,14,0
1481,20221010_101,1,1,AAAAA,101,7,Inspection_220905,2022-10-10 6:28,2022-10-10 13:30,0,1,702,701,668,33,487,214,10,166,11,2,35,0
1482,20221010_102,1,2,AAAAA,102,7,Inspection_220905,2022-10-10 13:30,2022-10-10 22:01,0,1,642,642,631,11,559,83,14,49,15,2,12,0
1483,20221010_103,1,3,AAAAA,103,7,Inspection_220905,2022-10-10 22:01,2022-10-11 5:48,0,1,672,672,652,20,583,89,7,57,6,2,24,0
1484,20221011_101,1,1,AAAAA,101,7,Inspection_220905,2022-10-11 5:48,2022-10-11 13:32,0,1,720,720,711,9,647,73,8,40,9,10,11,0
1485,20221011_102,1,2,AAAAA,102,7,Inspection_220905,2022-10-11 13:32,2022-10-11 16:04,0,1,308,308,303,5,264,44,11,18,10,1,5,0
1486,20221011_102,2,2,AAAAA,102,7,Inspection_220905,2022-10-11 16:10,2022-10-11 21:53,308,309,628,320,317,3,303,17,2,11,0,2,5,0
1487,20221011_103,1,3,AAAAA,103,7,Inspection_220905,2022-10-11 21:53,2022-10-12 6:20,0,1,682,682,654,28,595,87,11,42,7,4,32,0
1488,20221012_101,1,1,AAAAA,101,7,Inspection_220905,2022-10-12 6:20,2022-10-12 13:31,0,1,674,674,657,17,559,115,20,69,14,3,23,0
1489,20221012_102,1,2,AAAAA,102,7,Inspection_220905,2022-10-12 13:31,2022-10-12 21:30,0,1,840,839,830,9,782,57,21,5,20,4,11,0
1490,20221012_103,1,3,AAAAA,103,7,Inspection_220905,2022-10-12 21:30,2022-10-13 6:28,0,1,554,554,543,11,497,57,22,12,14,4,14,0
1491,20221013_101,1,1,AAAAA,101,7,Inspection_220905,2022-10-13 6:28,2022-10-13 13:30,0,1,680,679,664,15,614,65,24,1,24,6,17,0
1492,20221013_102,1,2,AAAAA,102,7,Inspection_220905,2022-10-13 13:30,2022-10-13 21:30,0,1,844,844,826,18,796,48,22,1,8,0,20,0
1493,20221013_103,1,3,AAAAA,103,7,Inspection_220905,2022-10-13 21:30,2022-10-14 6:12,0,1,562,562,547,15,485,77,17,1,12,36,15,0
1494,20221014_101,1,1,AAAAA,101,7,Inspection_220905,2022-10-14 6:12,2022-10-14 13:41,0,1,709,709,688,21,585,124,49,10,16,33,22,0
1495,20221014_102,1,2,AAAAA,102,7,Inspection_220905,2022-10-14 13:41,2022-10-14 21:40,0,1,740,740,731,9,514,226,47,37,43,101,10,0
1496,20221014_103,1,3,AAAAA,103,7,Inspection_220905,2022-10-14 21:40,2022-10-15 6:16,0,1,628,628,618,10,536,92,28,18,39,4,12,0
1497,20221015_101,1,1,AAAAA,101,7,Inspection_220905,2022-10-15 6:17,2022-10-15 13:30,0,1,624,624,608,16,492,132,15,92,12,3,18,0
1498,20221015_102,1,2,AAAAA,102,7,Inspection_220905,2022-10-15 13:30,2022-10-15 21:45,0,1,1012,1011,988,23,881,130,38,27,29,21,26,0
1499,20221015_103,1,3,AAAAA,103,7,Inspection_220905,2022-10-15 21:45,2022-10-16 6:22,0,1,388,388,377,11,348,40,10,2,14,6,12,0
1500,20221016_101,1,1,AAAAA,101,7,Inspection_220905,2022-10-16 6:22,2022-10-16 13:46,0,1,636,636,627,9,583,53,20,14,12,1,10,0
1501,20221016_102,1,2,AAAAA,102,7,Inspection_220905,2022-10-16 13:46,2022-10-16 21:38,0,1,760,759,744,15,660,99,32,0,39,14,18,0
1502,20221016_103,1,3,AAAAA,103,7,Inspection_220905,2022-10-16 21:38,2022-10-17 6:08,0,1,612,612,603,9,557,55,16,10,19,2,10,0
1503,20221017_101,1,1,AAAAA,101,7,Inspection_220905,2022-10-17 6:08,2022-10-17 13:30,0,1,736,736,729,7,664,72,25,34,5,2,7,0
1504,20221017_102,1,2,AAAAA,102,7,Inspection_220905,2022-10-17 13:30,2022-10-17 17:05,0,1,408,408,402,6,354,54,23,14,9,6,6,0
1505,20221017_102,2,2,AAAAA,102,7,Inspection_220905,2022-10-17 17:16,2022-10-17 21:35,408,409,610,202,201,1,170,32,8,20,3,2,1,0
1506,20221017_103,1,3,AAAAA,103,7,Inspection_220905,2022-10-17 21:35,2022-10-18 7:01,0,1,672,672,666,6,543,129,50,33,49,3,7,0
1507,20221018_101,1,1,AAAAA,101,7,Inspection_220905,2022-10-18 7:01,2022-10-18 9:00,0,1,228,228,225,3,211,17,7,2,6,0,3,0
